course,author,rating,reviews,hours,lessons,level,price
SQL - Curso completo de Bases de Datos - de 0 a Avanzado,Pablo Tilotta - +110k students,"4,4",2687,22,106,Todos los niveles,"14,99"
SQL. Curso completo de SQL. Aprende desde cero. Comandos SQL,Redait Media,"4,4",2301,25,77,Todos los niveles,"14,99"
SQL desde cero: Curso práctico y sin prerrequisitos técnicos,Mel Restori,"4,6",1806,2,17,Todos los niveles,"16,99"
SQL Básico - Intermedio ¡Añade valor a tu CV en 2 horas!,Numpi Cursos,"4,5",1455,15,19,Todos los niveles,"14,99"
Aprende SQL desde cero: ¡Curso con mas de 50 ejercicios! 1,Numpi Cursos,"4,3",1372,15,67,Todos los niveles,"14,99"
SQL: Creación de Bases de Datos (De cero a profesional),Numpi Cursos,"4,2",1020,2,50,Todos los niveles,"14,99"
COBOL curso completo: Empieza a programar ¡Ya!,Fernando Toledo,"4,4",784,8,107,Todos los niveles,"14,99"
Comienza con SQL: Curso completo de SQL desde cero con MySQL,"Sebastian Tunnell, Equipo Datademia","4,4",742,2,52,Todos los niveles,"14,99"
SQL: Desde cero. ¡Curso con más de 100 ejercicios!,Numpi Cursos,"4,5",490,2,114,Todos los niveles,"14,99"
SQL para administración de Bases de Datos con MySQL,Oscar Alejandro Flavio García Fuentes,"4,5",459,5,48,Todos los niveles,"14,99"
SQL Server: domina lo necesario para el trabajo,"Gabriel Serrano, MBA","4,4",444,25,38,Todos los niveles,"14,99"
"SQL Server: Programando Procedimientos, Triggers y funciones","Gabriel Serrano, MBA","4,1",315,2,27,Principiante,"17,99"
Curso Práctico SQL Server Reporting Services 2012 (SSRS) ,Sí se Aprende,"4,3",306,35,21,Principiante,"14,99"
SQL y MySQL: Aprende todo lo básico sobre base de datos.,"Proyecto Oforte Cursos de calidad sobre Tecnología., Alberto González","4,0",277,35,70,Todos los niveles,"14,99"
SQL Reporting Services 2016,Carlos Palomino,"4,2",232,115,76,Todos los niveles,"17,99"
Optimización de Consultas con Sql Server 2008-2019,Denis Enrique Guido Rodríguez,"4,2",229,35,46,Todos los niveles,"14,99"
Curso de programación C# SQL SERVER para principiantes,Lcdo.Eddy Quintero,"4,1",190,4,25,Principiante,"14,99"
MS SQL Server 2019. Programación de Bases de Datos con T-SQL,Santi Santos Fuentes,"4,6",169,16,101,Intermedio,"14,99"
Aprender a crear base de datos y a hacer consultas en SQL,Alma Pamela Gutierrez,"3,1",166,1,31,Principiante,"14,99"
Sistema de Inventario de Activos con Visual Basic .NET y SQL,Jairo Galeas,"4,6",147,12,114,Todos los niveles,"14,99"
Bases de Datos desde CERO (Access y Lenguaje SQL),Alvaro Romero,"3,7",138,135,70,Todos los niveles,"14,99"
Programación Orientada a objetos con C# y SQL Server,Andrés Alfaro Rojas,"3,1",99,5,28,Todos los niveles,"14,99"
Fundamentos de Base de Datos para Principiantes,Delimar Reyes,"4,3",90,15,22,Principiante,"14,99"
SQL - Curso práctico de lenguaje SQL (base de datos SQLite),Fernando Garcia,"4,3",88,35,21,Todos los niveles,"14,99"
Bases de datos con MySQL y SQLite,Vladimir Rodríguez,"4,6",85,6,21,Todos los niveles,"14,99"
SQL para Principiantes: Curso práctico,Gabriel Moroni,"4,6",84,5,95,Principiante,"14,99"
Domina SQL Server Management Studio (SSMS),Ángel Plascencia,"3,4",80,1,37,Todos los niveles,"14,99"
Aprende SQL desde Cero [2021],Kevin Meneses González,"4,7",74,2,27,Principiante,"14,99"
Aplica SQL al mundo del Data Science desde cero,"Juan Gabriel Gomila Salas, Rocio del Carmen Chávez Álvarez, Frogames SL","4,6",71,75,85,Todos los niveles,"14,99"
Master SQL: De cero a experto en Bases de Datos,Rodrigo Morales,"4,3",66,155,146,Todos los niveles,"14,99"
Introducción a Oracle APEX 5.0,Clarisa Maman Orfali Kolodoczka,"4,5",62,5,54,Principiante,"99,99"
Introducción a las consultas SQL Server,Hugo Bernachea Administrador de Bases de datos y Desarrollador TSQL,"4,6",56,4,13,Todos los niveles,"14,99"
Aprende SQL,Joel Barrios (Bachi),"4,0",40,25,23,Intermedio,"14,99"
Curso MySQL desde 123 hasta el Infinito,Jhonatan Fernández,"4,4",38,105,72,Todos los niveles,"14,99"
Bases de datos SQL y NoSQL con Mysql y MongoDB,Andrés felipe Vega Beltrán,"4,0",36,55,107,Todos los niveles,"14,99"
Oracle SQL: domina lo necesario para el trabajo,"Gabriel Serrano, MBA","4,6",35,25,39,Principiante,"14,99"
SQL para Todos de Cero a Master,DataHack Formation,"3,5",32,6,80,Todos los niveles,"14,99"
SQL: Bases de datos. Desde cero.,Jorge Durand,"4,0",25,135,88,Todos los niveles,"14,99"
Diseño e Implementación de DataWarehouse con Sql Server 2019,Denis Enrique Guido Rodríguez,"4,4",23,85,21,Todos los niveles,"14,99"
Querying Data y Transact SQL,Claudio Gutierrez,"3,9",22,45,47,Principiante,"14,99"
SQL - Curso completo de Bases de Datos lenguaje sql y mysql,Carlos Valdes,"4,5",21,8,68,Todos los niveles,"14,99"
Aprende a realizar consultas SQL con Oracle Live,Disco Duro de Roer,"4,7",18,45,118,Principiante,"14,99"
Implementación de Bases de Datos con Sql Server 2008-2019,Denis Enrique Guido Rodríguez,"4,3",13,3,25,Todos los niveles,"14,99"
MySQL - SQL Primeros Pasos en Linux,Jonathan Castro,"4,7",11,15,13,Principiante,"14,99"
Base de datos de MySQL and SQL Server desde cero full stack,Alex Joel Pagoada Suazo,"4,7",8,15,84,Principiante,"14,99"
Oracle 12c . Aprende a construir consultas SQL desde cero,GEAMIND Formación IT,"3,4",8,3,14,Todos los niveles,"14,99"
Aprende: PLSQL -Oracle Básico-Intermedio,Víctor Sánchez Rodriguez,"4,7",7,45,12,Principiante,"14,99"
FUNDAMENTOS DEL LENGUAJE SQL,Dario Sosa,"4,7",5,55,35,Principiante,"14,99"
SQL y bases de datos facil y practico,Karline Vazquez,"4,8",4,3,49,Principiante,"14,99"
Curso SQL desde cero con Oracle SQL Developer,Pedro Albaladejo Lopez,"5,0",3,35,25,Principiante,"14,99"
Comienza a conocer sobre Bases de Datos y SQL! INTENSIVO,Adrián Javier Tagüico,"3,4",2,15,26,Principiante,"14,99"
Curso Maestro de Bases de Datos,Lucas Bazilio,"5,0",2,10,47,Todos los niveles,"14,99"
Programar en SQL para sistemas transaccionales y analiticos.,Rodolfo Pinera,"5,0",2,45,23,Intermedio,"14,99"
SQL Server: El curso completo sobre BACKUP y RESTORE,olivier Thuillier,"5,0",2,25,28,Principiante,"14,99"
SQL Server: El curso Masterclass 2021 (20 horas),olivier Thuillier,"4,5",1,19,256,Principiante,"14,99"
Experto SQL Server y Replicación Multiplataforma,"Daniel Ernesto Bojorge Sequeira, Denis Enrique Guido Rodríguez",,0,8,43,Intermedio,"14,99"
SQL Server para los principiantes (8 horas de clase),olivier Thuillier,,0,75,137,Principiante,"14,99"
Desafío SQL Avanzado Examen Pre-laboral Situación Real,Adrián Javier Tagüico,,0,1,24,Intermedio,"14,99"
Aprende SQL desde CERO hasta AVANZADO como un PROFESIONAL.,Candido Acevedo Medrano,"4,4",3376,95,91,Principiante,Gratis
SQL Server: Nivel 1 Sentencias Principales,Mariano Puglisi,"4,6",2602,15,34,Principiante,Gratis
Aprende SQL Developer Básico en 30 minutos (Introducción),Pedro Gabriel Ramirez Hernandez,"4,1",621,1,5,Principiante,Gratis
Guía de iniciación a Bases de Datos con MS SQL Server,Santi Santos Fuentes,"4,6",537,2,17,Principiante,Gratis
SQL desde cero,Jairo Galeas,"4,2",444,1,20,Todos los niveles,Gratis
Consultas con SQL Server 2016,Germán Cayo Morales,"4,1",443,25,7,Principiante,Gratis
Lo básico de SQL,Nacho Cabanes,"4,7",296,2,25,Principiante,Gratis
"MySQL para Principiantes , Introducción a las Bases de Datos",Yury Zavaleta,"4,5",163,2,13,Principiante,Gratis
The Complete SQL Bootcamp 2021: Go from Zero to Hero,Jose Portilla,"4,7",101806,9,83,Todos los niveles,"14,99"
The Ultimate MySQL Bootcamp: Go from SQL Beginner to Expert,"Colt Steele, Ian Schoonover","4,6",55647,205,325,Principiante,"14,99"
SQL - MySQL for Data Analytics and Business Intelligence,365 Careers,"4,6",28842,10,287,Todos los niveles,"14,99"
SQL for Data Analysis: Weekender Crash Course for Beginners,"A Course You'll Actually Finish, David Kim, Peter Sefton","4,4",13408,4,39,Todos los niveles,"14,99"
SQL for Beginners: Learn SQL using MySQL and Database Design,"Tim Buchalka's Learn Programming Academy, Jon Avis - SQL Instructor","4,5",12827,8,122,Principiante,"14,99"
Master SQL For Data Science,Imtiaz Ahmad,"4,7",7779,95,51,Todos los niveles,"14,99"
SQL &amp; Database Design A-Z™: Learn MS SQL Server + PostgreSQL,"Kirill Eremenko, Ilya Eremenko, Ligency Team","4,4",4204,125,104,Todos los niveles,"14,99"
SQL &amp; PostgreSQL for Beginners: Become an SQL Expert,Jon Avis - SQL Instructor,"4,6",3361,9,125,Todos los niveles,"14,99"
"MySQL, SQL and Stored Procedures from Beginner to Advanced",John Purcell,"4,4",2661,185,136,Principiante,"14,99"
Advanced SQL : SQL Expert Certification Preparation Course,"Oracle Master Training • 90,000+ Students Worldwide, Code Star Academy","4,4",2418,13,138,Experto,"14,99"
Oracle SQL - Step by Step SQL,Amarnath Reddy,"4,5",2169,65,126,Todos los niveles,"14,99"
Learn SQL Using PostgreSQL: From Zero to Hero,Will Bunker,"4,5",2050,16,181,Principiante,"14,99"
SQL Tutorial: Learn SQL with MySQL Database -Beginner2Expert,Pradnyankur Nikam,"4,2",1746,11,126,Todos los niveles,"14,99"
200+ SQL Interview Questions,Amarnath Reddy,"4,3",1678,25,45,Todos los niveles,"14,99"
Learn SQL +Security(pen) testing from Scratch,Rahul Shetty,"4,5",1662,135,117,Todos los niveles,"14,99"
SQL and PostgreSQL: The Complete Developer's Guide,Stephen Grider,"4,8",1652,22,290,Principiante,"14,99"
Complete SQL and Databases Bootcamp: Zero to Mastery [2021],"Andrei Neagoie, Mo Binni","4,6",1627,245,278,Todos los niveles,"14,99"
"Become an SQL Developer:  Learn (SSRS, SSIS, SSAS,T-SQL,DW)",Bluelime Learning Solutions,"4,0",1562,17,154,Principiante,"14,99"
SQL Course For Beginners: Learn SQL Using MySQL Database,Ashutosh Pawar,"4,4",1529,5,76,Todos los niveles,"14,99"
"Complete SQL Bootcamp for Data Science, Analytics, Marketing",Lazy Programmer Inc.,"4,3",1382,15,30,Todos los niveles,"14,99"
SQL Advanced,Amarnath Reddy,"4,3",1354,5,82,Experto,"14,99"
SQL For Data Science With Google Big Query,Chris Levy,"4,5",1316,7,57,Principiante,"17,99"
SQL for Beginners: The Easiest Way to Learn SQL Step by Step,"Code Star Academy, Oracle Master Training • 90,000+ Students Worldwide","4,2",1297,75,91,Todos los niveles,"14,99"
SQL Tuning,Amarnath Reddy,"4,3",1123,3,61,Intermedio,"14,99"
The Complete SQL Course 2021: Become a MYSQL Master,Web Coding,"3,9",1101,25,41,Todos los niveles,"14,99"
Learn SQL for Data Analysis with Google Big Query,Annabel Lyle,"4,4",1061,2,55,Principiante,"14,99"
SQL - Master Class For Data Analysis,Paul Scotchford,"4,7",956,75,58,Todos los niveles,"14,99"
"Node, SQL, &amp; PostgreSQL - Mastering Backend Web Development",David Joseph Katz,"4,4",866,5,46,Todos los niveles,"14,99"
SQL- The Complete Introduction to SQL programming,Yassin Marco,"4,1",818,35,25,Principiante,"14,99"
Practical SQL Bootcamp for Data Analysts and Data Scientists,"Ava Cas, PhD","4,5",659,35,194,Principiante,"14,99"
The Complete SQL and MySQL Course - From Beginner to Expert,Holczer Balazs,"4,2",655,7,144,Todos los niveles,"14,99"
Sachin Quickly Learns (SQL) - Structured Query Language,Kotaa Krishna Kamath,"4,4",620,15,13,Intermedio,"14,99"
Spatial SQL with Postgres : A language for geographers,Arthur Lembo,"3,9",571,4,19,Todos los niveles,"14,99"
SQL for Data Analysis - with SQL Server,Travis Cuzick,"4,6",540,55,68,Principiante,"14,99"
Practice advanced SQL queries with MySQL 5.7+,Michal Juhas,"4,4",532,5,79,Experto,"14,99"
SQL - Beyond The Basics,Infinite Skills,"4,6",523,45,44,Intermedio,"14,99"
SOFTWARE TESTING MASTERCLASS -2021|JIRA|Agile|API|DB Testing,Testing World,"4,3",469,135,120,Todos los niveles,"14,99"
Learn Advanced T-SQL For SQL Server Administrator,Raphael Asghar,"4,5",453,55,34,Intermedio,"14,99"
SQL for Newcomers - The Full Mastery Course,Sameh Sharaf,"4,5",451,11,124,Principiante,"14,99"
Project Based SQL Course: Code like a SQL Programmer,Brandon Brown,"4,0",450,65,41,Intermedio,"14,99"
SQL Made Simple: SQL Server Queries for Non-Programmers,IsáBel .,"4,7",425,35,120,Principiante,"14,99"
SQL Database MasterClass: Go From Pupil To Master!,Rico Rodriguez,"4,5",406,6,49,Todos los niveles,"14,99"
Get Expertise in Database Testing(SQL) + Linux for Testers,T World,"4,5",399,125,126,Todos los niveles,"14,99"
A Beginners Guide To SQL. Master SQL Quickly,Infinite Skills,"4,4",388,35,34,Todos los niveles,"14,99"
SQL for Marketers,Justin Mares,"3,6",358,4,41,Todos los niveles,"14,99"
SQL for Data Analysis and Data Science in 2021,Tamer Ahmed,"3,8",356,55,114,Todos los niveles,"14,99"
learn Complete SQL from basics,THE K INSTRUCTOR,"3,8",351,1,12,Todos los niveles,"14,99"
SQL for Developers and Analysts with MS SQL Server,Biz Nigatu,"3,9",316,35,71,Principiante,"14,99"
Learn SQL and MySQL in 3 Hours,Umang Shah,"4,7",295,2,45,Todos los niveles,"14,99"
Learn SQL in 6 days,John Anthony,"4,1",290,35,46,Todos los niveles,"14,99"
Practical SQL Skills from Intermediate to Advanced,Gary Kind,"2,9",253,4,35,Intermedio,"14,99"
The Complete MySQL Bootcamp: Become an Expert in SQL &amp; MySQL,"Joe Parys, Joe Parys Support, Muhammad Javed, TheCoding .dev","4,0",248,85,98,Todos los niveles,"14,99"
Learn How To Become an Azure SQL Database Architect,Mike West,"3,6",244,15,30,Intermedio,"14,99"
Learn SQL From Scratch,Shahidul Islam,"2,1",243,15,9,Todos los niveles,"14,99"
Learn Oracle 12c SQL : Kickstart kit for beginners,Cheena S,"4,6",235,4,31,Todos los niveles,"14,99"
SQL Essentials: The Beginner's Guide to SQL Language,Vlad Burmistrov,"4,4",224,7,68,Principiante,"14,99"
SQL Programming and MySQL Developer Certification Training,Uplatz Training,"4,2",220,8,14,Todos los niveles,"14,99"
SQL Fundamentals for beginners,Bluelime Learning Solutions,"4,6",218,6,52,Principiante,"14,99"
SQL Query Training for SAP Business One,Michael Taylor,"4,2",213,3,36,Todos los niveles,"14,99"
SQL Programming Basics,Global Academy,"4,4",210,15,16,Principiante,"14,99"
SQL Server 2017 Express Basics,"A O, Adiv Abramson","4,6",206,6,41,Principiante,"14,99"
SQL Tricky Interview Questions Preparation Course,KnowledgePowerhouse !,"3,9",205,3,64,Todos los niveles,"14,99"
SQL Interview Questions - 156 Quiz Questions &amp; Answers,Rares Ilea,"3,3",194,15,7,Principiante,"14,99"
SQL Tutorial For Tester,S D Academy,"4,2",193,2,32,Todos los niveles,"14,99"
From 0 To 1:SQL And Databases - Heavy Lifting,Loony Corn,"4,2",182,145,68,Todos los niveles,"14,99"
SQL for Beginners in under 3 hours,Ram Mohan,"4,0",181,3,34,Principiante,"14,99"
SQL with MySQL Database for Beginners - Zero to Hero,Anil Batra,"4,2",180,15,22,Principiante,"14,99"
Practical SQL Skills,Gary Kind,"4,2",178,25,29,Todos los niveles,"14,99"
The Complete MySQL Bootcamp: From SQL Beginner to Expert,Vertex Academy,"4,6",173,8,92,Principiante,"14,99"
Oracle 12c SQL Tuning - the Ultimate Guide,Ahmed Baraka,"4,6",171,20,86,Intermedio,"29,99"
SQL From Scratch Using Oracle SQL Developer and TOAD,247 Learning,"4,2",171,10,106,Principiante,"14,99"
"SQL for EVERYBODY! FUN, EASY, FAST! 2020",Carlyle Frank,"4,0",170,25,24,Principiante,"14,99"
SQL/ETL Developer - T-SQL/Stored Procedures/ETL/SSIS,Bluelime Learning Solutions,"4,1",164,65,72,Principiante,"14,99"
SAS SQL for the SAS Programmer/Analyst,Ermin Dedic,"4,3",156,15,29,Principiante,"14,99"
Microsoft SQL for Beginners (SQL Server and T-SQL),Vimal Vachhani,"3,9",155,2,39,Principiante,"14,99"
The SQL MicroDegree 2021: From SQL Basics To MySQL Mastery,Abhishek Pughazh,"4,5",151,45,85,Todos los niveles,"14,99"
Learn SQL with ease,Marco Eder,"4,6",148,2,45,Principiante,"14,99"
SQL For  Databases : A Beginner's Quick Introduction,Bluelime Learning Solutions,"4,7",143,25,25,Principiante,"14,99"
Learn SQL Made Simple,Prem K,"2,9",140,15,25,Principiante,"14,99"
SQL for Beginners with Microsoft SQL Server Database,Anil Batra,"4,6",138,25,26,Principiante,"14,99"
SQL Database for Beginners,Framework Television Inc.,"4,2",138,65,56,Principiante,"14,99"
Oracle Database 12c Certified Professional - SQL Foundations,Infinite Skills,"4,6",125,55,76,Principiante,"14,99"
Learn to Build SQL Query| Ultimate SQL and DataBase Concepts,Jazeb Akram,"4,1",123,25,32,Principiante,"14,99"
Web Development with Django,Sara Al-Arab,"4,1",122,55,30,Principiante,"14,99"
Introduction to SQL Databases - SQL for Beginners,David Medlock,"4,3",119,8,64,Principiante,"14,99"
Database Management Systems Part 3 : SQL Interview Course,Vignesh Sekar,"4,7",115,10,53,Todos los niveles,"14,99"
Beginners Data Analysis Bootcamp with SQL,Adnan Haroon,"4,4",113,35,70,Principiante,"14,99"
Building an Automated SQL Server Performance Tuning Engine,Mike West,"4,0",112,15,20,Intermedio,"14,99"
SQL and Data Visualization - The Complete Bootcamp,Raffi Sarkissian | SQL | PostgreSQL | Metabase,"4,4",108,55,54,Principiante,"14,99"
SQL - The Query Writing Bootcamp [2019],Mark Stephenson,"4,5",105,95,63,Todos los niveles,"14,99"
SQL For Beginners: Learn to communicate with databases,Bluelime Learning Solutions,"4,6",104,45,47,Principiante,"14,99"
Learn SQL Queries,Dave Merton,"4,4",104,45,67,Principiante,"14,99"
"SQL for beginners with :( PostgreSQL, MySQL, SQL Server )",Bluelime Learning Solutions,"4,4",101,8,78,Principiante,"14,99"
SQL and Database for Analysts - Increase your team value,Tom Gillies,"4,4",100,75,58,Principiante,"14,99"
SQL Server Database Administrator: Learn SQL DBA Skills,Bluelime Learning Solutions,"3,3",99,35,41,Principiante,"14,99"
SQL Loader - Learn in 22 Examples,Amarnath Reddy,"4,0",98,15,32,Principiante,"14,99"
Installing and Manipulating Oracle Database Using SQL,Skill Tree,"4,3",90,15,16,Principiante,"14,99"
Introduction to Relational Database and SQL,Jun Shan,"4,3",86,85,54,Principiante,"14,99"
SQL Queries 101,A. Morelan,"4,3",85,35,31,Principiante,"14,99"
SQL and Transact-SQL  (T-SQL)  For Beginners,Bluelime Learning Solutions,"4,3",83,2,26,Principiante,"14,99"
The complete SQL &amp; Python for SQL with Hands-on Questions,Shenggang Li,"4,0",77,155,241,Todos los niveles,"14,99"
Step By Step SQL ( MySQL ) *Best for Newbies* 100+Practice Q,Testing World,"4,4",72,75,81,Todos los niveles,"14,99"
Database Testing Using SQL Queries/MS Access,QAEversity .,"3,6",72,15,9,Todos los niveles,"14,99"
Beginner Data Analysis Using SQL and Microsoft SQL Server,Bluelime Learning Solutions,"3,9",72,3,40,Principiante,"14,99"
SQL Code Challenges: Use SQL to answer Business questions,Bluelime Learning Solutions,"4,3",69,3,35,Principiante,"14,99"
SQL for Beginners: Crash Course to Become Database Expert,ASquared LLC,"4,3",69,5,23,Todos los niveles,"14,99"
The Comprehensive SQL Course 2021,Malvik Vaghadia,"4,7",69,55,124,Todos los niveles,"14,99"
Introduction to SQL Window Functions,Bluelime Learning Solutions,"3,8",68,35,32,Principiante,"14,99"
SQL Interview | +150 SQL Interview Questions in 2020,Luke's Programming School,"3,7",68,15,16,Todos los niveles,"14,99"
SQL Query Writing for Beginners,Karen C,"3,9",68,3,28,Principiante,"14,99"
MySQL MariaDB From Scratch - Become an App Developer in 2021,"Edmund P Obiri, M.Tech","4,0",66,2,55,Todos los niveles,"14,99"
SQL-MySQL: 2021 Complete Master Bootcamp | Beginner - Expert,Donatus Obomighie,"4,3",65,205,634,Todos los niveles,"14,99"
SQL Basics for Beginners,Aslam Tayyab,"4,1",64,1,19,Todos los niveles,"14,99"
"SSAS Azure, Tabular SSAS, Data Migration, and Administration",Siddharth Mehta,"4,3",62,1,15,Principiante,"14,99"
Business Analyst - SQL Survival Guide,Daniel Gater,"4,7",61,25,19,Principiante,"14,99"
The Complete Introduction to SQL for Data Analytics,Vardges Zardaryan,"4,3",61,25,27,Todos los niveles,"14,99"
The Complete SQL Course 2021 - Learn by Doing - SQL Server,Daniel Tait,"4,5",61,11,100,Todos los niveles,"14,99"
SQL for Tech and Data Science Interviews,"365 Careers, Tina Huang","4,7",58,25,23,Todos los niveles,"14,99"
Oracle Database For Beginners,Srikanth Pragada,"4,5",58,9,29,Principiante,"14,99"
SQL: Master SQL With PhpMyAdmin and MYSQL Engine,Daniel McCarthy,"4,2",58,15,13,Principiante,"14,99"
The Complete Microsoft SQL Masterclass: Beginner to Expert,Sandeep Kumar,"4,6",57,11,210,Todos los niveles,"14,99"
"SQL for Data Science ,Oracle , MySQL, R and Python [2020]",Piyush S | insightEdge100.com,"4,3",56,45,61,Todos los niveles,"14,99"
Learn SQL Skills  Using PostgreSQL and MS SQL Server,Bluelime Learning Solutions,"4,6",54,12,128,Principiante,"14,99"
SQL - Master SQL Database Queries in Just 90 Minutes!,"MyExcelOnline John Michaloudis, Bryan Hong","4,5",54,15,16,Principiante,"14,99"
SQL DBA For Beginners,Skill Tree,"4,1",53,45,49,Principiante,"14,99"
Oracle 12 Cloud: Advanced SQL/PLSQL Hands-On,Zulqarnain Hayat,"4,0",53,3,37,Todos los niveles,"14,99"
SQL: Reporting and Analysis for beginners,Bluelime Learning Solutions,"4,1",52,35,35,Principiante,"14,99"
Applied SQL For Data Analytics / Data Science With BigQuery,Jeff James,"4,5",49,105,50,Principiante,"14,99"
"SQL Learn SQL 101, 202 and 303 all in 1 Course. 10X Learning",Rico Rodriguez,"4,6",48,2,24,Todos los niveles,"14,99"
Must Learn Skills for Testers[SQL+Unix+ShellScript+Jira+ALM],Testing World,"3,8",48,5,69,Todos los niveles,"14,99"
SQL Developer Tips and Tricks,Amarnath Reddy,"4,7",45,15,33,Principiante,"14,99"
Oracle Cloud: Basic Oracle SQL with hands on Experience,Zulqarnain Hayat,"4,6",44,4,76,Principiante,"14,99"
"Learn SQL, PHP-PDO, JavaScript and Bootstrap for web apps",Ali Mehdy,"4,1",43,75,96,Principiante,"14,99"
Diving into Data: SQL,MBASQL .com,"4,4",42,15,12,Todos los niveles,"14,99"
Complete Oracle SQL Masterclass: Go from zero to Hero,"Ashwin Pajankar • 50,000+ Students Worldwide","4,6",41,20,183,Principiante,"14,99"
Complete beginners introduction to SQL,Bluelime Learning Solutions,"4,1",40,45,41,Principiante,"14,99"
Learn SQL Beginner to Advanced Level,Alexander Shafe,"4,5",40,135,135,Todos los niveles,"14,99"
SQL BootCamp 2020 - SQL for Beginners  (SQL Mastery Course),Rahul Singh Nirvan,"4,0",37,15,26,Intermedio,"14,99"
SQL Server: The 28 hour Masterclass course (9 courses in 1),"O.Thuillier | SQL | Postgres | Powershell| MySQL | Administration,TSQL, and SQL Server performance.","4,4",37,28,392,Principiante,"14,99"
Learn SQL by Writing Queries,Shay Tavor,"4,3",36,35,32,Principiante,"14,99"
SQL: Data Analytics Applications in the Real World,Data Civilisation,"4,1",35,85,22,Intermedio,"14,99"
2021 Database Services on Microsoft AZURE,"Pranjal Srivastava, Harshit Srivastava","2,9",34,2,18,Todos los niveles,"14,99"
Learn SQL From Scratch No Experience Required,Fahmi Eshaq,"4,1",33,115,146,Todos los niveles,"199,99"
Introduction to Data Analysis and Reporting  with SQL,Bluelime Learning Solutions,"4,0",32,3,34,Principiante,"14,99"
SQL Bootcamp - Hands-On Exercises - SQLite - Part I,Paweł Krakowiak,"4,2",32,2,198,Principiante,"14,99"
Introduction to Data Extraction Using SQL,Bluelime Learning Solutions,"4,1",31,5,42,Principiante,"14,99"
The Complete Google BiqQuery Masterclass: Beginner to Expert,Sandeep Kumar,"3,7",29,85,162,Todos los niveles,"14,99"
SQL Hands-on  Essential Training for Beginners,Tech Academy,"4,3",29,15,23,Principiante,"14,99"
27 Practical SQL  Queries to solve Business Problems,Bluelime Learning Solutions,"3,4",28,3,34,Principiante,"14,99"
Learn SQL Concepts with simple examples,M K,"4,4",28,65,31,Intermedio,"14,99"
MySQL Database Bootcamp: Go from SQL Beginner to Expert,"Niharika Jain, Lavnya upadhyay","3,7",27,3,30,Principiante,"14,99"
Learn MariaDB SQL for beginners from scratch,Bluelime Learning Solutions,"3,5",26,4,42,Principiante,"14,99"
SQL for Data Analytics 2021,Tuan Vu,"4,6",25,35,46,Todos los niveles,"14,99"
The Complete SQL Bootcamp for Beginner,Jason Zhang,"4,5",24,4,41,Todos los niveles,"14,99"
Intermediate SQL for data analysis (no installation needed!),Guy Manova,"4,1",23,4,30,Intermedio,"14,99"
An Abridged Introduction to Dynamic SQL,Mike West,"3,8",23,1,26,Intermedio,"14,99"
Practical SQL Skills For Jobs | Businesses | Enterpreneurs,Bluelime Learning Solutions,"3,5",23,75,81,Intermedio,"14,99"
SQL Basics 2-Hour Crash Course,Webucator Training,"4,6",23,25,55,Todos los niveles,"14,99"
SQL database foundation: what your employer expects from you,Cristi Constantin,"4,6",22,3,52,Principiante,"14,99"
SQL Developer Skills For Beginners,Bluelime Learning Solutions,"4,1",22,55,47,Principiante,"14,99"
Data Warehousing and SQL End to End,Rahul Tiwari,"4,7",22,30,38,Todos los niveles,"14,99"
Learn Basic SQL with SQL Server 2019 Express,A O,"4,6",21,2,24,Principiante,"14,99"
SQL Programming For Beginners,Bluelime Learning Solutions,"3,6",20,4,41,Principiante,"14,99"
Stored Procedures and Functions Unpacked: A beginner's guide,Valuetech Academy,"3,4",20,25,20,Principiante,"14,99"
Beginner SQL for Data Analytics - No Coding Experience Req'd,Nate @ Wisdify,"4,5",20,35,53,Principiante,"14,99"
Learn SQL with Examples - Simple Select,John Anthony,"3,9",19,1,13,Principiante,"14,99"
The Ultimate SQL Bootcamp  2021,Emin Yardim,"4,4",19,1,56,Todos los niveles,"14,99"
SQL Data Analysis - Learn by Doing!,"Ram Kedem, Shuki Santana-Molk","4,6",19,9,46,Principiante,"14,99"
Structured Query Language (SQL) for Data Science,Analytics Vidhya,"3,7",19,35,94,Principiante,"14,99"
Mastering SQL Table Joins from scratch: Real World Examples,Bluelime Learning Solutions,"3,9",18,55,55,Principiante,"14,99"
Beginners Guide to Developing SQL Queries for SQL Server,Bluelime Learning Solutions,"4,3",18,4,35,Principiante,"14,99"
"SQL Bootcamp for Business, Product, &amp; Data Analysts",Manish Narayan,"4,6",18,2,55,Todos los niveles,"14,99"
Sql Interview question and Answer,Narendra Tripathi,"3,9",18,3,17,Todos los niveles,"14,99"
Retrieving Data from Oracle Database with SQL,Bluelime Learning Solutions,"3,7",18,4,46,Principiante,"14,99"
A beginners guide to writing SQL Functions,Bluelime Learning Solutions,"3,9",18,25,32,Principiante,"14,99"
Build Courier Tracking System in PHP OOP -- 2019,Peterson Fredrick,"3,8",17,225,85,Intermedio,"14,99"
Learn  how to build bulk SQL queries using Excel,Bluelime Learning Solutions,"3,3",16,25,28,Principiante,"14,99"
SQL: Read a Database like an Expert,Tom Gillies,"4,2",15,25,26,Todos los niveles,"14,99"
The SQL Mega Course - From Beginner to SQL Master.,Roi Levy,"4,0",15,5,47,Principiante,"14,99"
The Complete SQL Bootcamp for Beginners: Hands-On Oracle SQL,"Ankit Mistry, Vijay Gadhave","4,4",15,9,80,Todos los niveles,"14,99"
Microsoft SQL - Getting Started With The T SQL Basics,Martyn Blythin,"4,4",14,3,65,Principiante,"14,99"
Oracle SQL PLSQL Training Online Tutorial Course,Koduru Sridevi,"3,7",14,95,25,Todos los niveles,"24,99"
Mastering Introductory SQL Made Easy Training Tutorial,"TeachUcomp, Inc.","4,4",14,45,46,Principiante,"14,99"
Using  SQL for Data Science,Bluelime Learning Solutions,"4,3",14,4,45,Principiante,"14,99"
SQL Programming for Data Analysis and Software Development,Ankit Srivastava,"3,9",13,255,119,Principiante,"14,99"
Intermediate SQL Course,Luis M. Sanchez,"2,7",13,15,20,Principiante,"14,99"
SQL Server Database Performance Monitoring and Tuning,Gangadhar Gawande,"3,5",13,25,33,Todos los niveles,"14,99"
Getting Started with Google CloudSQL,Architect Big Data,"3,1",13,2,19,Todos los niveles,"14,99"
PHP 5 and 7 &amp; SQL Queries with MySQL database hands on,Frank Ako,"4,5",13,14,84,Principiante,"14,99"
Introduction to Microsoft SQL Server Application Development,Bluelime Learning Solutions,"4,2",12,1,19,Principiante,"14,99"
The Complete SSIS to SQL Server Database Bootcamp,Gary Cowan,"4,2",12,1,17,Principiante,"14,99"
SQL Bootcamp - Hands-On Exercises - SQLite - Part II,Paweł Krakowiak,"4,5",12,4,297,Principiante,"14,99"
SQL Fundamentals for Oracle Functional Consultants,Kabeer Khan,"4,2",11,25,33,Todos los niveles,"19,99"
Mastering SQL using Postgresql,"Durga Viswanatha Raju Gadiraju, Hindu Varma Datla","4,2",11,95,105,Todos los niveles,"14,99"
Using BIzTalk with SQL Databases,Neal Walters,"4,6",11,8,51,Intermedio,"14,99"
SQL Made Easy for Beginners,Arun Motoori,"4,6",10,32,127,Principiante,"14,99"
T-SQL For Beginner Data Analysts,Serhii Lehkyi,"4,2",10,35,48,Principiante,"14,99"
SQL: Business Intelligence with SQL: 2-in-1,Packt Publishing,"4,4",10,5,37,Principiante,"14,99"
Python 3000: SQLite Quick-Start,Randall Nagy,"4,0",9,2,22,Intermedio,"14,99"
Oracle SQL Tuning Indexes,Valter José de Aquino,"3,9",9,4,24,Intermedio,"14,99"
Introduction to using SQL for Reporting,Bluelime Learning Solutions,"4,4",9,4,39,Principiante,"14,99"
Complete SQL Bootcamp using PostgreSQL.,Gaurav Chauhan,"4,2",8,6,84,Todos los niveles,"14,99"
SQL Fundamentals for Business Intelligence,Packt Publishing,"4,2",8,2,16,Intermedio,"14,99"
SQL Fundamentals for Data Analysts,Ben Sullins,"4,3",8,42,13,Principiante,"14,99"
How to Extract Data from Multiple  Oracle Tables Using SQL,Bluelime Learning Solutions,"3,6",7,2,18,Principiante,"14,99"
Exam 70-761: Query data with advanced Transact-SQL Component,Vandana Soni,"4,4",7,5,23,Intermedio,"14,99"
Learn SQL in an hour,Tushar Bhalla,"4,3",7,1,16,Principiante,"14,99"
How to build SQL Queries with Logical and SET Operator,Bluelime Learning Solutions,"4,4",7,15,23,Principiante,"14,99"
Learn SQL with PostgreSql Database [ SQL In A Lunch Break ],AKINCI Training,"3,8",7,43,33,Todos los niveles,"14,99"
SQL Essentials For Beginners Using  Command Line Interface,Bluelime Learning Solutions,"4,3",6,15,20,Principiante,"14,99"
Oracle SQL Hands-On Experience for beginners,Bluelime Learning Solutions,"3,9",6,2,21,Principiante,"14,99"
SQL on Impala,Narayana Y Kulkarni,"3,4",6,1,7,Todos los niveles,"14,99"
"SQL 2014 Developer P3: Partitions, Queries and XML",Integrity Training,"3,5",5,5,50,Todos los niveles,"14,99"
Learn Dynamic SQL,Brad Hill,"3,3",5,2,17,Intermedio,"14,99"
Oracle Database SQL and PLSQL Basics,Sreeram ERPTech,"4,6",5,105,24,Principiante,"14,99"
SQL For Non-Technical Users,Chip Reaves,"4,7",5,15,11,Principiante,"14,99"
Intuitive SQL Databases Case Study,Ezz El Din Abdullah,"3,7",4,31,19,Todos los niveles,"14,99"
Google BigQuery: Learn Professional SQL for Big Data,Oliver Ma,"3,5",4,2,56,Todos los niveles,"14,99"
Databases &amp; SQL - Introduction Course for Oracle SQL,Matei Dogeanu,"5,0",4,25,28,Principiante,"14,99"
"Java 3000: SQL &amp; SQLite, Part II (SQL3)",Randall Nagy,"2,7",4,3,19,Intermedio,"14,99"
SQL BootCamp - Learn MySQL for Data Analysis,"Sandra Ezike, Orezime Learning","4,7",3,15,98,Principiante,"14,99"
"Java 2000: SQL, and SQLite (SQL2)",Randall Nagy,"3,0",3,3,29,Todos los niveles,"14,99"
Software Developer Interview Guide: Must Know SQL Questions,"Mammoth Interactive, John Bura","4,5",3,5,58,Principiante,"14,99"
Learn SQL Fast: A Crash Course on SQL with MySQL Databases,Van Jordan,"4,3",3,2,14,Todos los niveles,"14,99"
Crash Course on SQL Queries Made Easy For New Developers,Thangu(Thangeswari) N,"4,0",3,1,7,Principiante,"14,99"
Learn SQL from Scratch and Be a Master,Coders GUID,"4,8",3,95,154,Todos los niveles,"14,99"
SQL Server Triggers &amp; Views Unpacked: A beginner's guide,Valuetech Academy,"2,9",2,2,23,Principiante,"14,99"
Introduction to SQL,House of Code,"4,4",2,35,28,Principiante,"14,99"
Create An Online Poll Maker From Scratch: PHP and MySQLI,Eric Tam,"4,1",2,6,83,Intermedio,"14,99"
Faster SQL Mastery,Jonathan Szeto,"4,6",2,5,6,Intermedio,"14,99"
"SQL for Dummies, BA, DA, developers and Job Seekers",Ritz R,"2,7",2,2,8,Todos los niveles,"14,99"
SQL Server for complete beginners (7 hours of practice),"O.Thuillier | SQL | Postgres | Powershell| MySQL | Administration,TSQL, and SQL Server performance.","3,9",2,75,137,Principiante,"14,99"
Learn the in-demand job of DBA SQL Server(18 hours of class),"O.Thuillier | SQL | Postgres | Powershell| MySQL | Administration,TSQL, and SQL Server performance.","3,0",2,18,227,Principiante,"14,99"
SQL for Advanced SAS Programming : Learn Hand-On,Handson .,"2,5",1,2,27,Todos los niveles,"14,99"
SQL for Data Analysts/Data Scientists &amp; Real World Projects,Data team,"3,0",1,25,26,Principiante,"14,99"
SQL &amp; PostgreSQL for Beginners: Learn the SQL Fundamentals,Zaki Khurshid,"5,0",1,8,67,Todos los niveles,"14,99"
SQL 2014 Developer P2: VS 2012 and Data Types,Integrity Training,"4,0",1,85,104,Todos los niveles,"14,99"
A comprehensive course on SQL with 100+ solved problems,Wandering Monk,"5,0",1,55,80,Todos los niveles,"14,99"
Data Scientist SQL Interview Questions,Kira Liu,"5,0",1,1,13,Todos los niveles,"14,99"
Introduction to SQL for business and data analysts,Kelechi Emenike,"4,5",1,25,33,Principiante,"14,99"
SQL Tutorial or SQL Journey for Intermediate / Level 2,Rajnees Kumar,"5,0",1,4,23,Intermedio,"14,99"
SQL Server: The complete course on Indexes (4 h of class),"O.Thuillier | SQL | Postgres | Powershell| MySQL | Administration,TSQL, and SQL Server performance.","5,0",1,35,29,Principiante,"14,99"
Exam 70-761: Program Database by using Transact-SQL,Vandana Soni,"5,0",1,75,35,Intermedio,"14,99"
How to generate  SQL Insert / Update queries from Excel,Bluelime Learning Solutions,,0,25,28,Principiante,"14,99"
Come and challenge the Transact SQL with these 50 exercises,"O.Thuillier | SQL | Postgres | Powershell| MySQL | Administration,TSQL, and SQL Server performance.",,0,2,71,Principiante,"14,99"
The Complete SQL Course - Go from Beginner to Expert,Yehonatan Cohen,,0,45,64,Todos los niveles,"14,99"
The Complete  SQL Series with Real time examples,Shakzee Arain,,0,25,31,Principiante,"14,99"
Implementation of projects - SQL,Azael Nav,,0,15,24,Intermedio,"14,99"
Teach yourself SQL Step by Step,Sam Parulekar,,0,3,24,Todos los niveles,"14,99"
The Complete 2021 SQL Bootcamp - Data Querying Essentials,Dean Taylor,,0,115,118,Todos los niveles,"14,99"
Databases and SQL Mastery,Mor Sagmon,,0,7,21,Todos los niveles,"14,99"
Learn the in-demand job of developer SQL (12h of class),"O.Thuillier | SQL | Postgres | Powershell| MySQL | Administration,TSQL, and SQL Server performance.",,0,125,241,Principiante,"14,99"
SQL Server Integration Services,QuickStart Learning Inc.,,0,15,52,Intermedio,"14,99"
"A,B,C of MySQL - An In-depth guide",Moyukh Mazumder,,0,1,5,Principiante,"14,99"
SQL Server 2019 : Administration SQL Server Part 2,"O.Thuillier | SQL | Postgres | Powershell| MySQL | Administration,TSQL, and SQL Server performance.",,0,55,55,Intermedio,"14,99"
SQL Server 2019 : Administration SQL Server Part 3,"O.Thuillier | SQL | Postgres | Powershell| MySQL | Administration,TSQL, and SQL Server performance.",,0,5,45,Principiante,"14,99"
Exploring SQL Server 2016: Fundamentals,Integrity Training,,0,4,45,Todos los niveles,"14,99"
SQL Server: Configuring and modifying a database on SQL,"O.Thuillier | SQL | Postgres | Powershell| MySQL | Administration,TSQL, and SQL Server performance.",,0,25,28,Principiante,"14,99"
SQL for the SAS Programmer/Analyst,Up Degree,,0,2,57,Intermedio,"14,99"
Exploring SQL Server 2016: Intermediate,Integrity Training,,0,5,54,Intermedio,"14,99"
99 queries to master SQL in less than 4 hours!,"O.Thuillier | SQL | Postgres | Powershell| MySQL | Administration,TSQL, and SQL Server performance.",,0,5,94,Principiante,"14,99"
SQL for Non-Starters on postgresql,Narayana Y Kulkarni,,0,35,29,Principiante,"14,99"
"Joins, partition functions, and CTE in Transact SQL 2019.","O.Thuillier | SQL | Postgres | Powershell| MySQL | Administration,TSQL, and SQL Server performance.",,0,3,41,Principiante,"14,99"
The Advanced SQL Server Masterclass For Data Analysis,Travis Cuzick,,0,7,72,Experto,"14,99"
Introduction to Databases and SQL Querying,Rakesh Gopalakrishnan,"4,5",36568,25,11,Principiante,Gratis
Advanced Databases and SQL Querying,Rakesh Gopalakrishnan,"4,5",10840,35,27,Intermedio,Gratis
Free SQL 101 Class Bootcamp Beginners Intro to SQL NYC,Shivgan Joshi,"4,2",1496,15,17,Principiante,Gratis
SQL Foundations,Sagar Uppuluri,"4,4",987,3,59,Principiante,Gratis
SQL Crash Course : PostgreSQL for Beginners,Start-Tech Academy,"4,3",782,15,16,Principiante,Gratis
SQL Tutorial for Beginners - Learn SQL using 30 scenarios,Valuetech Academy,"4,3",736,25,34,Principiante,Gratis
Baseball Database Queries with SQL and dplyr,Charles Redmond,"4,3",612,3,30,Principiante,Gratis
Learn SQL in a simplified manner,Parteek Bhatia,"4,5",586,2,15,Principiante,Gratis
Introduction to SQL Using TeamSQL,"Can Abacigil, Katie Horne","4,5",405,33,8,Principiante,Gratis
SQL for Data Analysis: Solving real-world problems with data,Max SQL,"4,5",364,2,48,Principiante,Gratis
SQL 101: A Beginners Guide to SQL,"Sean Coyne, Jules Malin","4,3",252,1,5,Principiante,Gratis
Step by Step Practical Oracle SQL with real life exercises,Ramesh R,"4,7",230,4,37,Principiante,Gratis
New in Big Data: Apache HiveMall - Machine Learning with SQL,Elena Akhmatova,"4,7",213,32,7,Principiante,Gratis
SQL Beginner's Level Course,Alexander Shafe,"4,6",133,2,5,Principiante,Gratis
SQL Crash Course for Aspiring Data Scientist,Bob Wakefield,"4,3",132,15,20,Principiante,Gratis
Database Analysis and Design Using SQL 2014 - for Beginners,Mohammed Wuhaidi,"4,1",86,15,16,Principiante,Gratis
SQL Mastery &amp; Data Analysis,Maverick Learning,"3,8",42,15,6,Principiante,Gratis
Beginner's Introduction to SQL and Databases,Oscar Valles,"4,4",29,2,33,Principiante,Gratis
Fundamentals of SQL,"Ajay Dhruv, Sharvari Satose, Sejal Shriyan, Sejal Jadhav","4,6",27,2,16,Principiante,Gratis
Animated SQl for Beginners,Shantanu Soni,"4,2",26,2,57,Principiante,Gratis
DATABASE SQL Queries Hands-on Training with MS SQL SERVER,Mazhar Hussain,"4,3",25,2,24,Todos los niveles,Gratis
SQL in Sixty,James Ford,"4,7",15,1,13,Principiante,Gratis
Linked List &amp; SQL Interview Questions,Ashok Kumar Dhulipalla,"3,4",6,40,11,Intermedio,Gratis
Build SQL Queries with Excel from scratch,Bluelime Learning Solutions,"5,0",1,2,20,Principiante,Gratis
SQL  : Solve real-world data problems with SQL Queries,Bluelime Learning Solutions,"5,0",1,2,24,Principiante,Gratis
Introduction to SQL,Michael Da Costa,,0,2,18,Principiante,Gratis
"O curso completo de Banco de Dados e SQL, sem mistérios!",Felipe Mafra,"4,6",26846,58,309,Principiante,"14,99"
Aprenda SQL do Zero! ,"Tiago Bacciotti Moreira, Lucas Bacciotti Moreira, José Lucas Baciotti","4,6",4875,75,70,Principiante,"14,99"
はじめてのSQL ・データ分析入門 -データベースのデータをビジネスパーソンが現場で活用するためのSQL初心者向コース,"中村祐太 （Yuta Nakamura）, Proglus（プログラス） プログラミング教室","4,5",3197,75,144,Principiante,"14,99"
Uygulamalarla SQL Öğreniyorum,"Ömer Çolakoğlu, Veri Bilimi Okulu","4,6",2704,65,68,Principiante,"14,99"
SQL для начинающих: с нуля до сертификата Oracle,Zaur Tregulov,"4,8",1979,30,158,Principiante,"14,99"
SQL Kursu : Sıfırdan Sektörün Yükseklerine | 2020,Engin Demiroğ,"4,7",1841,8,79,Todos los niveles,"14,99"
SQL - Bootcamp: Lerne MySQL in 2 Wochen,"Jannis Seemann, Jannis Seemann (CodingCourses.TV)","4,6",1461,75,108,Intermedio,"14,99"
Banco de dados Expert:  Linguagem SQL  e Administração.,André Rosa,"4,5",1329,34,164,Todos los niveles,"14,99"
C# ile DevExpress'de SQL Tabanlı Ticari Otomasyon Geliştirin,Murat Yücedağ,"4,5",1215,175,147,Todos los niveles,"14,99"
SQL pour la Data Science de A à Z (analyse de data réelles),"Rod | Python - SQL - Data Science - Machine Learning - Deep Learning, MonCoachData | Data Science - Machine Learning - Deep Learning - Trading","4,5",1075,115,136,Todos los niveles,"14,99"
3時間で学ぶ SQL ・データベース 超入門【丁寧な解説+演習問題で SQL データ抽出の基本が身につく】標準 SQL,ひらまつ しょうたろう,"4,5",1057,35,126,Principiante,"14,99"
Formação SQL Server 2017 Desenvolvedor Expert SQL e T-SQL,André Rosa,"4,5",960,215,121,Intermedio,"14,99"
Die komplette SQL Masterclass: Vom Anfänger zum Profi,"Jannis Seemann (CodingCourses.TV), Jannis Seemann","4,7",937,235,250,Principiante,"14,99"
Начальный курс SQL,Vlad Burmistrov,"4,7",739,75,74,Principiante,"14,99"
SQL - Cours Complet - Apprendre SQL de A à Z,Zakariyaa ISMAILI,"4,5",689,5,43,Principiante,"14,99"
"SQL lernen, schnell und einfach",Marco Eder,"4,6",679,25,45,Todos los niveles,"14,99"
Sorgularla Adım Adım SQL Veri Tabanı Programlama,Murat Yücedağ,"4,7",630,105,110,Todos los niveles,"14,99"
Curso Completo de Banco de Dados e SQL para Iniciantes,"Diego Davila, Bruno Albuquerque Scrignoli","4,7",616,45,40,Principiante,"14,99"
SQL - język zapytań do bazy danych SQL Server,Dariusz Skórniewski,"4,5",597,65,33,Principiante,"14,99"
SQL SERVER - Aprenda o poder da linguagem T-SQL.,Wolney Marconi Maia,"4,7",572,155,73,Principiante,"14,99"
Практический курс для новичков по SQL и PostgreSQL,"Илья Фофанов, DevSchool • Progressive Training Solutions","4,6",521,215,146,Todos los niveles,"14,99"
Modelagem do Banco de Dados MySQL e linguagem SQL do ZERO,Becode ,"4,2",474,2,27,Principiante,"14,99"
Das SQL Grundlagen Bootcamp (auch für Data Science),"Dr. René Brunner, Datamics GmbH","4,4",470,9,108,Principiante,"14,99"
Sıfırdan Uygulamalı SQL Veri Tabanı Dersleri: MySQL &amp; MsSQL,Sadık Turan,"4,5",407,8,54,Principiante,"14,99"
SQL pour débutants (l'essentiel par la pratique),"Rod | Python - SQL - Data Science - Machine Learning - Deep Learning, MonCoachData | Data Science - Machine Learning - Deep Learning - Trading","4,8",374,25,31,Principiante,"14,99"
BigQuery で学ぶ非エンジニアのための SQL データ分析入門,和廣 木田,"4,6",354,11,94,Principiante,"14,99"
Alıştırmalarla SQL Öğreniyorum,"Ömer Çolakoğlu, Veri Bilimi Okulu","4,8",335,85,84,Intermedio,"14,99"
C#+SQL الدورة الشاملة لمطورى تطبيقات سطح المكتب  برمجة+تسويق,Mahmoud Bakr,"4,8",327,815,449,Todos los niveles,"14,99"
Reporting Services - Relatórios SQL com seu o Banco de Dados,Felipe Mafra,"4,6",278,8,47,Todos los niveles,"14,99"
"Основы SQL: SELECT, JOIN, DML, DDL, TCL, DCL",DevStudy .net,"4,3",275,55,11,Principiante,"14,99"
Davud Hoca ile SQL,Davud Hoca,"3,3",269,5,64,Intermedio,"14,99"
Curso Completo: SQL para Análise de Dados,Caio Avelino,"4,7",264,115,107,Todos los niveles,"14,99"
Curso de SQL Completo - Aplicado ao Mercado de Trabalho,"João Paulo de Lira, Gabriel Rodrigues de Lira","4,6",251,12,70,Todos los niveles,"14,99"
101 requêtes pour maîtriser SQL en moins de 3 heures,Matthieu GASTON,"4,6",249,25,33,Principiante,"14,99"
"Tout comprendre du SQL ! Formation complète et rapide (3,5h)",Bryan P.,"4,4",234,35,61,Principiante,"14,99"
Banco de Dados e ANSI SQL para iniciantes,Jackson Pires,"4,5",190,3,42,Principiante,"14,99"
"SQL Server pour les (grands) débutants, 8 heures de pratique","O.Thuillier | SQL | Postgres | Powershell| MySQL |Azure Administration,TSQL, et performance SQL Server.","4,6",189,8,124,Principiante,"14,99"
SQL para Profissionais Analíticos,Mauricio Boesche,"4,7",178,3,18,Todos los niveles,"14,99"
Vollständige SQL Masterclass – Schnell &amp; Einfach zum Profi,Nikolai Schuler,"4,6",174,10,128,Principiante,"14,99"
SQL/MySQL Database Developer: Zero to Expert||Hindi|Urdu||,Dr. Ahmad Mohsin PhD,"3,8",161,175,183,Todos los niveles,"14,99"
Teoria de Bancos de Dados: Do Zero a Graduação!,"Júlio Alcântara Tavares, M.Sc., Data Engineering Academy","4,6",157,85,36,Todos los niveles,"14,99"
成為初級資料分析師 | SQL 資料分析入門 | Introduction to SQL,Yao-Jen Kuo,"4,6",155,6,67,Principiante,"14,99"
SQL Grundlagen: Lerne Datenbanken (MySQL) schnell &amp; einfach!,Saif Al-Dilaimi,"4,3",140,9,81,Principiante,"14,99"
Sql Tuning - Melhore a Performance em seu código !,Pedro F Carvalho,"4,2",126,10,84,Todos los niveles,"24,99"
SQL для Анализа Данных с Глебом Михайловым,Gleb Mikhaylov,"4,9",121,6,51,Todos los niveles,"14,99"
Banco de Dados SQL Avançado - Curso Completo!,"Diego Davila, Bruno Albuquerque Scrignoli","4,2",112,12,80,Todos los niveles,"14,99"
Oracle Database 12c Introduction to SQL/ بالعربي,Khaled Alkhudari,"4,9",109,30,125,Todos los niveles,"14,99"
SQL инъекции и тестирование баз данных для начинающих,Mefodiy Kelevra,"3,9",104,1,15,Principiante,"14,99"
Certificação Oracle 1Z0-071 Oracle Database Sql,Pedro F Carvalho,"4,4",95,16,70,Experto,"19,99"
Impariamo da Zero il SQL e il PL/pgSQL con PostgreSQL,Nicola La Rocca,"4,4",90,105,126,Intermedio,"14,99"
"SQL e Banco de Dados para DataScience, sem mistérios!",Felipe Mafra,"4,3",84,5,26,Principiante,"14,99"
Dominando o SQL e POWER BI na PRÁTICA,"Juracy Araujo de Almeida Junior, MSc Grimaldo Lopes de Oliveira","3,9",79,95,40,Intermedio,"14,99"
SQL Para O Programador/Analista SAS,Ermin Dedic,"4,5",77,15,26,Principiante,"14,99"
SQL für Data Analytics mit T-SQL: Der Komplettkurs,Henning Lange,"4,2",71,95,108,Todos los niveles,"14,99"
BigQueryで学ぶ！SQLの基本：初学者からすらすらデータ抽出できるまで,Dan Saito,"4,6",70,35,36,Principiante,"14,99"
Microsoft SQL per Principianti,Alaaeldin AbdelMohsen,"3,8",70,4,42,Principiante,"14,99"
MySQLでデータベース基礎とSQLをゼロから学ぶ！挫折させないSQL講座,HIROKI KIKUSHIGE,"4,2",67,55,29,Principiante,"39,99"
SQL Course In Nepali - By Bishworaj Poudel,Bishworaj Poudel,"4,8",67,35,10,Principiante,"14,99"
Sistema de Vendas com Visual Studio 2017,Hugo Vasconcelos,"4,1",66,65,72,Todos los niveles,"14,99"
SQL do básico ao avançado (com MySQL e Projeto),Matheus Battisti,"4,8",62,165,269,Todos los niveles,"14,99"
Big Data: Analiza danych przy użyciu SQL oraz BigQuery,Paweł Krakowiak,"4,5",61,95,79,Principiante,"14,99"
Microsoft SQL SERVER ||Sıfırdan İleri Seviyeye SQL Server,BOZ Training,"3,7",56,13,99,Todos los niveles,"14,99"
SQL Server Query For beginners,Abdulwahab Allohayb,"4,3",54,45,27,Principiante,"24,99"
Corso Base di SQL per Oracle,Michele Piazzolla,"3,8",52,35,45,Principiante,"14,99"
文系ビジネスパーソンのためのはじめて学ぶSQL(超入門レベル),セム Mayumi Shinya,"4,3",51,15,19,Principiante,"14,99"
Apprenez le métier de DEVELOPPEUR sur SQL (11h de pratique),"O.Thuillier | SQL | Postgres | Powershell| MySQL |Azure Administration,TSQL, et performance SQL Server.","4,5",48,11,285,Principiante,"14,99"
Learn SQL(structured query language)  in Urdu/Hindi,Shakzee Arain,"3,8",47,3,28,Todos los niveles,"14,99"
誰でもわかる データベース基礎,栄一郎 荒川,"4,0",47,3,20,Principiante,"14,99"
SQL Oracle na Prática para INICIANTES,Juracy Araujo de Almeida Junior,"4,7",45,6,28,Principiante,"14,99"
SQL Facile,Francesco Desiderio,"4,4",42,35,50,Principiante,"14,99"
SQL ОТ ДЖЕИМСА,Александр Петров,"3,9",41,5,28,Todos los niveles,"14,99"
Базовый курс SQL для аналитиков и менеджеров,Максим Кухарь,"4,6",40,2,24,Principiante,"14,99"
VB.net &amp; SQL,Mohamed Saad,"4,3",40,4,26,Intermedio,"14,99"
SQL Server : L'administration d'un serveur SQL Partie 1,"O.Thuillier | SQL | Postgres | Powershell| MySQL |Azure Administration,TSQL, et performance SQL Server.","4,5",40,55,69,Intermedio,"14,99"
Aprenda SQL Fácil - Curso Completo com POSTGRE SQL,Marciel José,"4,1",39,3,32,Principiante,"14,99"
Banco de Dados: Da modelagem à SQL,Tadeu Pereira,"5,0",39,85,73,Principiante,"14,99"
Curso de SQL Completo Com o Banco de Dados Firebird,Professor Edivam Cabral,"4,9",39,6,62,Intermedio,"24,99"
初学者向けSQL,清野克行 清野,"3,7",37,65,30,Principiante,"14,99"
SQL et Data Visualization - Le Cours Complet,Raffi Sarkissian | SQL | PostgreSQL | Metabase,"4,6",36,45,53,Principiante,"14,99"
SQL Profissional Efetivo - Economize tempo,Renan Shin Iti Matsushita,"4,4",36,2,29,Todos los niveles,"14,99"
Kurs tworzenia zapytań w języku SQL z użyciem SQL Server.,K Projects,"4,7",31,85,35,Principiante,"14,99"
Datenbanken und SQL,Christopher Olbertz,"4,1",31,14,136,Principiante,"14,99"
Linguagem SQL  e T-SQL na prática - Desenvolvendo Soluções,André Rosa,"4,3",30,95,62,Todos los niveles,"14,99"
SQL Essencial!,Otavino Mota,"4,6",29,2,20,Principiante,"14,99"
Başlangıç ve Orta Seviye SQL Server Öğrenin,Erdal ANGİLİ,"3,9",29,2,16,Principiante,"14,99"
#1 - MsSQL Server - Solidne Podstawy,Andrzej Śmigielski,"3,2",28,15,25,Principiante,"14,99"
SQL Para Iniciantes,"Thearlismar Araújo, Thyago Curcino","4,4",26,15,26,Principiante,"14,99"
Lógica de programação e bancos de dados SQL,Leonardo Assuane Duarte,"4,7",25,9,28,Principiante,"14,99"
SQL完全掌握 -  從資料庫建立到成為資料處理高手,彬華 黃,"4,6",25,5,36,Principiante,"14,99"
BigQueryで学ぶ！実践SQLデータ分析：ITサービス改善につなげよう,Dan Saito,"4,1",23,7,50,Intermedio,"14,99"
พื้นฐานการเขียน SQL สำหรับมือใหม่ ด้วย SQLite,Apipoj Piasak,"4,4",23,15,34,Principiante,"19,99"
SQL &amp; OPC : ENDÜSTRİYEL İLETİŞİM ARAYÜZÜ,Selçuk Aydınlı,"3,7",23,2,18,Principiante,"14,99"
SQL Bootcamp - Bazy danych SQLite - Part I,Paweł Krakowiak,"4,6",22,55,83,Principiante,"14,99"
SQL Server'da A'dan Z'ye Performans,Yusuf Kahveci,"3,2",21,25,31,Experto,"14,99"
A Arte da MODELAGEM DADOS em DW e SQL PARA INICIANTES,"Juracy Araujo de Almeida Junior, MSc Grimaldo Lopes de Oliveira","3,2",19,10,40,Principiante,"14,99"
SQL server : Le cours complet sur les BACKUP et les RESTORE,"O.Thuillier | SQL | Postgres | Powershell| MySQL |Azure Administration,TSQL, et performance SQL Server.","4,8",18,2,28,Intermedio,"14,99"
Certificação Oracle 220 Exercícios de SQL e SQL Expert,Pedro F Carvalho,"4,4",18,10,22,Todos los niveles,"24,99"
ORACLE PL/SQL Sıfırdan İleri Seviyeye,Tuncay Tiryaki,"4,7",17,17,272,Intermedio,"14,99"
"Linguagem SQL, Programação e Tuning com SQL SERVER.",Wolney Marconi Maia,"4,6",17,40,169,Todos los niveles,"14,99"
BigQuery + Data Studio Grundlagen: Baue dein 1. eigenes DWH,"Thomas Knorr, Alexander Junke","4,4",17,8,96,Principiante,"14,99"
SQL Server : Le cours complet sur les INDEX (3 h de cours),"O.Thuillier | SQL | Postgres | Powershell| MySQL |Azure Administration,TSQL, et performance SQL Server.","4,4",17,3,37,Intermedio,"14,99"
Sistemas Avançados com Visual Basic e SQL,Hugo Vasconcelos,"4,2",16,55,60,Todos los niveles,"14,99"
Corso sulle basi di dati: dallo schema E/R all'SQL,Daniele Masone,"3,2",16,6,33,Principiante,"14,99"
Aprenda SQL ORACLE e TALEND para ETL na PRÁTICA,"Juracy Araujo de Almeida Junior, MSc Grimaldo Lopes de Oliveira","4,3",16,115,40,Principiante,"14,99"
Limbajul SQL si lucrul in Oracle APEX,Irina Mihai,"4,3",16,2,33,Principiante,"14,99"
SQL Server : Découvrez les fonctions de partitionnement.,"O.Thuillier | SQL | Postgres | Powershell| MySQL |Azure Administration,TSQL, et performance SQL Server.","4,3",15,1,12,Principiante,"14,99"
"PostgreSQL,SQL Server, et MySQL pour les (grands) débutants.","O.Thuillier | SQL | Postgres | Powershell| MySQL |Azure Administration,TSQL, et performance SQL Server.","4,9",15,13,201,Principiante,"14,99"
SQL Básico para Engenheira de Dados,Vinicius Vale,"3,8",14,35,37,Principiante,"14,99"
Этичный Веб хакинг (web hacking) для начинающих,Visadi Khalikov,"4,6",14,2,21,Todos los niveles,"14,99"
50 questions pour préparer votre futur entretien sur SQL.,"O.Thuillier | SQL | Postgres | Powershell| MySQL |Azure Administration,TSQL, et performance SQL Server.","4,9",14,3,106,Principiante,"14,99"
SQL e MySQL per principianti,"Alessio Ferrari, Tuttofaredigitale Corsi Online","4,7",14,55,61,Principiante,"14,99"
SQL Server : Il corso Masterclass 2021 (27 ore),"Olivier Thuillier Amministrazione, TSQL e prestazioni del server SQL.","4,1",14,27,381,Principiante,"14,99"
SQL no ORACLE e QLIK SENSE - Aprenda a Dominar os Dados,"Juracy Araujo de Almeida Junior, MSc Grimaldo Lopes de Oliveira","3,9",14,85,39,Principiante,"14,99"
SQL: ничего лишнего,Валерий Жданов,"4,0",13,15,10,Principiante,"14,99"
SQL - Data Analysis mit MySQL - Wochenendseminar,Karsten Brodmann,"4,6",12,55,42,Todos los niveles,"14,99"
SQL Server : Création et modification d'une base de donnée.,"O.Thuillier | SQL | Postgres | Powershell| MySQL |Azure Administration,TSQL, et performance SQL Server.","4,6",12,2,29,Intermedio,"14,99"
Sistema para Clinica Odontológica CSharp e SQL,Hugo Vasconcelos,"3,7",12,5,57,Todos los niveles,"14,99"
Mini Curso SQL para Hyper File SQL - HFSQL (PCSOFT),João Pedro Brito Antunes Guimarães,"4,6",12,10,31,Principiante,"14,99"
